Supplier,CCR_Efficiency
A,1.0
B,1.0
G,1.0
H,1.0
I,1.0
D,0.781046
E,0.660931
C,0.641729
K,0.591798
J,0.540516
F,0.535331
L,0.508233
